split,budget,contrast,metric,policy,control,delta_policy_minus_control,p_value,bh_fdr_q_value
grouped_example_5fold,0.05,controls_plus_rho_learned_vs_controls_only_learned,safe_movement_rate,0.17562036238136325,0.1678113316077078,0.00780903077365544,0.013397320535892822,0.02151254336946231
grouped_example_5fold,0.05,controls_plus_rho_learned_vs_controls_only_learned,movement_per_drift,20.008140056685786,19.84384960368245,0.16429045300333556,0.003999200159968006,0.007166566686662668
grouped_example_5fold,0.05,controls_plus_rho_learned_vs_controls_only_learned,regret_vs_oracle,0.8243796376186368,0.8321886683922923,-0.007809030773655579,0.014397120575884824,0.022953416434150893
grouped_example_5fold,0.05,controls_plus_rho_learned_vs_controls_only_learned,topk_preservation,0.8780776531492667,0.8792257693413863,-0.0011481161921196303,0.012397520495900819,0.020050863473514684
grouped_example_5fold,0.05,gradient_plus_rho_learned_vs_gradient_only_learned,safe_movement_rate,0.12794477998274373,0.12672073626689676,0.001224043715846973,0.08178364327134573,0.10408827325444002
grouped_example_5fold,0.05,gradient_plus_rho_learned_vs_gradient_only_learned,movement_per_drift,15.811361999215885,16.706603890371202,-0.895241891155317,0.047190561887622474,0.06525114730140391
grouped_example_5fold,0.05,gradient_plus_rho_learned_vs_gradient_only_learned,regret_vs_oracle,0.8720552200172562,0.8732792637331033,-0.0012240437158470563,0.09498100379924015,0.11852782646813256
grouped_example_5fold,0.05,gradient_plus_rho_learned_vs_gradient_only_learned,topk_preservation,0.8423974690825424,0.8553085993672707,-0.012911130284728234,0.023795240951809637,0.03613650151325667
grouped_example_5fold,0.05,rho_only_vs_within_example_shuffled_rho,safe_movement_rate,0.14935174000575208,0.12207305148116192,0.02727868852459016,0.014197160567886422,0.022715456908618276
grouped_example_5fold,0.05,rho_only_vs_within_example_shuffled_rho,movement_per_drift,15.99232865583827,17.651693348640094,-1.6593646928018249,0.3017396520695861,0.33213602979649764
grouped_example_5fold,0.05,rho_only_vs_within_example_shuffled_rho,regret_vs_oracle,0.850648259994248,0.8779269485188381,-0.027278688524590144,0.015996800639872025,0.025234389741769957
grouped_example_5fold,0.05,rho_only_vs_within_example_shuffled_rho,topk_preservation,0.9119953983318952,0.9290871440897325,-0.01709174575783723,0.7556488702259548,0.7836358654195087
grouped_example_5fold,0.05,rho_only_vs_shuffled_rho,safe_movement_rate,0.14935174000575208,0.09802243313201035,0.05132930687374172,0.8082383523295341,0.8323926019393824
grouped_example_5fold,0.05,rho_only_vs_shuffled_rho,movement_per_drift,15.99232865583827,24.753685785712584,-8.761357129874314,0.0001999600079984003,0.0005089891112686554
grouped_example_5fold,0.05,rho_only_vs_shuffled_rho,regret_vs_oracle,0.850648259994248,0.9019775668679897,-0.05132930687374171,0.8008398320335933,0.826673375002419
grouped_example_5fold,0.05,rho_only_vs_shuffled_rho,topk_preservation,0.9119953983318952,0.9526534368708657,-0.04065803853897043,0.0001999600079984003,0.0005089891112686554
grouped_example_5fold,0.05,rho_only_vs_random,safe_movement_rate,0.14935174000575208,0.1075156744319816,0.04183606557377048,0.707258548290342,0.73686472007924
grouped_example_5fold,0.05,rho_only_vs_random,movement_per_drift,15.99232865583827,20.605085368503484,-4.612756712665215,0.0003999200159968006,0.0009003224480731995
grouped_example_5fold,0.05,rho_only_vs_random,regret_vs_oracle,0.850648259994248,0.8924843255680184,-0.0418360655737704,0.7038592281543691,0.7350324806833505
grouped_example_5fold,0.05,rho_only_vs_random,topk_preservation,0.9119953983318952,0.9459165947656025,-0.03392119643370728,0.0001999600079984003,0.0005089891112686554
grouped_example_5fold,0.05,rho_only_vs_highest_entropy,safe_movement_rate,0.14935174000575208,0.028732815645671556,0.12061892436008052,0.0001999600079984003,0.0005089891112686554
grouped_example_5fold,0.05,rho_only_vs_highest_entropy,movement_per_drift,15.99232865583827,13.935337280463752,2.0569913753745173,0.0001999600079984003,0.0005089891112686554
grouped_example_5fold,0.05,rho_only_vs_highest_entropy,regret_vs_oracle,0.850648259994248,0.9712671843543284,-0.12061892436008037,0.0001999600079984003,0.0005089891112686554
grouped_example_5fold,0.05,rho_only_vs_highest_entropy,topk_preservation,0.9119953983318952,0.9606338797814207,-0.04863848144952543,0.0005998800239952009,0.001317383582107108
grouped_example_5fold,0.05,rho_only_vs_highest_fisher_output_energy,safe_movement_rate,0.14935174000575208,0.1251377624388841,0.024213977566867967,0.05818836232753449,0.07804906084651334
grouped_example_5fold,0.05,rho_only_vs_highest_fisher_output_energy,movement_per_drift,15.99232865583827,28.164992387067905,-12.172663731229635,0.5260947810437913,0.5545657927238082
grouped_example_5fold,0.05,rho_only_vs_highest_fisher_output_energy,regret_vs_oracle,0.850648259994248,0.8748622375611159,-0.02421397756686794,0.07158568286342731,0.0937730582538463
grouped_example_5fold,0.05,rho_only_vs_highest_fisher_output_energy,topk_preservation,0.9119953983318952,0.9855887259131435,-0.07359332758124826,0.42711457708458306,0.46219161964708505
grouped_example_5fold,0.1,controls_plus_rho_learned_vs_controls_only_learned,safe_movement_rate,0.18606420575834154,0.1731725831736834,0.012891622584658147,0.009998000399920015,0.01671307529538868
grouped_example_5fold,0.1,controls_plus_rho_learned_vs_controls_only_learned,movement_per_drift,18.382712851934023,21.33226299784776,-2.9495501459137365,0.03459308138372325,0.04999258212873554
grouped_example_5fold,0.1,controls_plus_rho_learned_vs_controls_only_learned,regret_vs_oracle,0.8139357942416584,0.8268274168263166,-0.012891622584658147,0.011397720455908818,0.01877271604502629
grouped_example_5fold,0.1,controls_plus_rho_learned_vs_controls_only_learned,topk_preservation,0.8820075723838514,0.8920556565556016,-0.010048084171750182,0.033393321335732855,0.048730319082763256
grouped_example_5fold,0.1,gradient_plus_rho_learned_vs_gradient_only_learned,safe_movement_rate,0.15307555327359484,0.14908788517546356,0.003987668098131281,0.003799240151969606,0.006863143500332191
grouped_example_5fold,0.1,gradient_plus_rho_learned_vs_gradient_only_learned,movement_per_drift,16.59914789822726,15.103167802998787,1.4959800952284716,0.0003999200159968006,0.0009003224480731995
grouped_example_5fold,0.1,gradient_plus_rho_learned_vs_gradient_only_learned,regret_vs_oracle,0.8469244467264051,0.8509121148245364,-0.003987668098131336,0.005198960207958408,0.009169819579391208
grouped_example_5fold,0.1,gradient_plus_rho_learned_vs_gradient_only_learned,topk_preservation,0.8963610003603403,0.8994097405957897,-0.003048740235449432,0.0003999200159968006,0.0009003224480731995
grouped_example_5fold,0.1,rho_only_vs_within_example_shuffled_rho,safe_movement_rate,0.1610792975519568,0.13944677588642823,0.021632521665528565,0.032993401319736056,0.04830406467726063
grouped_example_5fold,0.1,rho_only_vs_within_example_shuffled_rho,movement_per_drift,17.092822010824072,17.95669460151509,-0.8638725906910167,0.033993201359728054,0.04944465652324081
grouped_example_5fold,0.1,rho_only_vs_within_example_shuffled_rho,regret_vs_oracle,0.8389207024480431,0.8605532241135718,-0.02163252166552876,0.04279144171165767,0.05990801839632074
grouped_example_5fold,0.1,rho_only_vs_within_example_shuffled_rho,topk_preservation,0.922418319487304,0.9358119792458004,-0.013393659758496379,0.27214557088582286,0.3010400389057991
grouped_example_5fold,0.1,rho_only_vs_shuffled_rho,safe_movement_rate,0.1610792975519568,0.10897346114641746,0.05210583640553934,0.4287142571485703,0.4628047884399024
grouped_example_5fold,0.1,rho_only_vs_shuffled_rho,movement_per_drift,17.092822010824072,23.835105996179376,-6.742283985355304,0.011797640471905619,0.019149793229759845
grouped_example_5fold,0.1,rho_only_vs_shuffled_rho,regret_vs_oracle,0.8389207024480431,0.8910265388535825,-0.05210583640553945,0.4373125374925015,0.47095196345346313
grouped_example_5fold,0.1,rho_only_vs_shuffled_rho,topk_preservation,0.922418319487304,0.9581683423360176,-0.035750022848713536,0.0001999600079984003,0.0005089891112686554
grouped_example_5fold,0.1,rho_only_vs_random,safe_movement_rate,0.1610792975519568,0.09414345266474214,0.06693584488721466,0.07658468306338732,0.0991616705560622
grouped_example_5fold,0.1,rho_only_vs_random,movement_per_drift,17.092822010824072,20.170283111072393,-3.077461100248321,0.04539092181563687,0.06295706802911863
grouped_example_5fold,0.1,rho_only_vs_random,regret_vs_oracle,0.8389207024480431,0.9058565473352578,-0.06693584488721471,0.07298540291941612,0.09532787320087002
grouped_example_5fold,0.1,rho_only_vs_random,topk_preservation,0.922418319487304,0.9506290061653688,-0.02821068667806481,0.0003999200159968006,0.0009003224480731995
grouped_example_5fold,0.1,rho_only_vs_highest_entropy,safe_movement_rate,0.1610792975519568,0.042360641766517,0.1187186557854398,0.0001999600079984003,0.0005089891112686554
grouped_example_5fold,0.1,rho_only_vs_highest_entropy,movement_per_drift,17.092822010824072,15.151546480126507,1.941275530697565,0.0001999600079984003,0.0005089891112686554
grouped_example_5fold,0.1,rho_only_vs_highest_entropy,regret_vs_oracle,0.8389207024480431,0.957639358233483,-0.11871865578543994,0.0001999600079984003,0.0005089891112686554
grouped_example_5fold,0.1,rho_only_vs_highest_entropy,topk_preservation,0.922418319487304,0.9621050738115322,-0.03968675432422819,0.0001999600079984003,0.0005089891112686554
grouped_example_5fold,0.1,rho_only_vs_highest_fisher_output_energy,safe_movement_rate,0.1610792975519568,0.12728613749628162,0.033793160055675175,0.003799240151969606,0.006863143500332191
grouped_example_5fold,0.1,rho_only_vs_highest_fisher_output_energy,movement_per_drift,17.092822010824072,27.858410316265747,-10.765588305441675,0.0619876024795041,0.08240488400836153
grouped_example_5fold,0.1,rho_only_vs_highest_fisher_output_energy,regret_vs_oracle,0.8389207024480431,0.8727138625037183,-0.03379316005567523,0.0021995600879824036,0.0042111235872483626
grouped_example_5fold,0.1,rho_only_vs_highest_fisher_output_energy,topk_preservation,0.922418319487304,0.9798462994689203,-0.057427979981616306,0.05138972205558888,0.06976544085122369
grouped_example_5fold,0.2,controls_plus_rho_learned_vs_controls_only_learned,safe_movement_rate,0.18612580834803055,0.1719309497087275,0.01419485863930306,0.005598880223955209,0.009836464079733074
grouped_example_5fold,0.2,controls_plus_rho_learned_vs_controls_only_learned,movement_per_drift,18.782559018519827,17.683618656168257,1.0989403623515699,0.013197360527894421,0.021267688908261514
grouped_example_5fold,0.2,controls_plus_rho_learned_vs_controls_only_learned,regret_vs_oracle,0.4151728929506707,0.42936775158997376,-0.014194858639303032,0.0061987602479504095,0.01080562097697192
grouped_example_5fold,0.2,controls_plus_rho_learned_vs_controls_only_learned,topk_preservation,0.8954214098658543,0.8899481588370477,0.0054732510288065805,0.041791641671665665,0.05906200463377356
grouped_example_5fold,0.2,gradient_plus_rho_learned_vs_gradient_only_learned,safe_movement_rate,0.16455026455026456,0.1369461813906258,0.027604083159638748,0.0001999600079984003,0.0005089891112686554
grouped_example_5fold,0.2,gradient_plus_rho_learned_vs_gradient_only_learned,movement_per_drift,17.329840442933154,14.766112638318921,2.563727804614233,0.0001999600079984003,0.0005089891112686554
grouped_example_5fold,0.2,gradient_plus_rho_learned_vs_gradient_only_learned,regret_vs_oracle,0.4367484367484368,0.46435251990807547,-0.027604083159638693,0.0001999600079984003,0.0005089891112686554
grouped_example_5fold,0.2,gradient_plus_rho_learned_vs_gradient_only_learned,topk_preservation,0.9202960825183049,0.9059451659451658,0.014350916573139028,0.0001999600079984003,0.0005089891112686554
grouped_example_5fold,0.2,rho_only_vs_within_example_shuffled_rho,safe_movement_rate,0.16204906204906205,0.12801560579338359,0.03403345625567847,0.0001999600079984003,0.0005089891112686554
grouped_example_5fold,0.2,rho_only_vs_within_example_shuffled_rho,movement_per_drift,18.668154530767627,18.152293311801987,0.5158612189656395,0.0001999600079984003,0.0005089891112686554
grouped_example_5fold,0.2,rho_only_vs_within_example_shuffled_rho,regret_vs_oracle,0.4392496392496392,0.47328309550531766,-0.03403345625567844,0.0001999600079984003,0.0005089891112686554
grouped_example_5fold,0.2,rho_only_vs_within_example_shuffled_rho,topk_preservation,0.9322740633851744,0.9415082037304259,-0.009234140345251496,0.1357728454309138,0.1639521152373299
grouped_example_5fold,0.2,rho_only_vs_shuffled_rho,safe_movement_rate,0.16204906204906205,0.12550905884239216,0.03654000320666989,0.03179364127174565,0.04685378713730938
grouped_example_5fold,0.2,rho_only_vs_shuffled_rho,movement_per_drift,18.668154530767627,21.04980940003289,-2.3816548692652617,0.5070985802839432,0.5370689455489517
grouped_example_5fold,0.2,rho_only_vs_shuffled_rho,regret_vs_oracle,0.4392496392496392,0.4757896424563091,-0.03654000320666989,0.03759248150369926,0.05363513284604226
grouped_example_5fold,0.2,rho_only_vs_shuffled_rho,topk_preservation,0.9322740633851744,0.9550756239645128,-0.022801560579338465,0.009198160367926415,0.01566834921988986
grouped_example_5fold,0.2,rho_only_vs_random,safe_movement_rate,0.16204906204906205,0.11348939126716903,0.04855967078189302,0.00599880023995201,0.010497900419916018
grouped_example_5fold,0.2,rho_only_vs_random,movement_per_drift,18.668154530767627,19.32065477635842,-0.6525002455907938,0.11277744451109778,0.1391853860632832
grouped_example_5fold,0.2,rho_only_vs_random,regret_vs_oracle,0.4392496392496392,0.4878093100315323,-0.04855967078189305,0.0065986802639472104,0.011458173481582753
grouped_example_5fold,0.2,rho_only_vs_random,topk_preservation,0.9322740633851744,0.9530361819250708,-0.0207621185398964,0.018196360727854428,0.02840407528250447
grouped_example_5fold,0.2,rho_only_vs_highest_entropy,safe_movement_rate,0.16204906204906205,0.06294692961359628,0.09910213243546577,0.0001999600079984003,0.0005089891112686554
grouped_example_5fold,0.2,rho_only_vs_highest_entropy,movement_per_drift,18.668154530767627,18.134341960321777,0.5338125704458498,0.0001999600079984003,0.0005089891112686554
grouped_example_5fold,0.2,rho_only_vs_highest_entropy,regret_vs_oracle,0.4392496392496392,0.538351771685105,-0.09910213243546573,0.0001999600079984003,0.0005089891112686554
grouped_example_5fold,0.2,rho_only_vs_highest_entropy,topk_preservation,0.9322740633851744,0.9682913794024905,-0.03601731601731617,0.0001999600079984003,0.0005089891112686554
grouped_example_5fold,0.2,rho_only_vs_highest_fisher_output_energy,safe_movement_rate,0.16204906204906205,0.1292020736465181,0.032846988402543964,0.0007998400319936012,0.0017227323766016028
grouped_example_5fold,0.2,rho_only_vs_highest_fisher_output_energy,movement_per_drift,18.668154530767627,26.802139514584496,-8.13398498381687,0.007998400319936013,0.013729054955292466
grouped_example_5fold,0.2,rho_only_vs_highest_fisher_output_energy,regret_vs_oracle,0.4392496392496392,0.4720966276521832,-0.032846988402543964,0.0009998000399920016,0.002102865811814163
grouped_example_5fold,0.2,rho_only_vs_highest_fisher_output_energy,topk_preservation,0.9322740633851744,0.9707845652290097,-0.03851050184383531,0.027994401119776045,0.041804972338865556
grouped_example_5fold,0.3,controls_plus_rho_learned_vs_controls_only_learned,safe_movement_rate,0.1850286250785872,0.16934956831346865,0.01567905676511855,0.0005998800239952009,0.001317383582107108
grouped_example_5fold,0.3,controls_plus_rho_learned_vs_controls_only_learned,movement_per_drift,19.638483388441582,18.634689889903857,1.0037934985377248,0.0003999200159968006,0.0009003224480731995
grouped_example_5fold,0.3,controls_plus_rho_learned_vs_controls_only_learned,regret_vs_oracle,0.2154285657948864,0.23110762256000497,-0.015679056765118576,0.0013997200559888023,0.0028633542697853124
grouped_example_5fold,0.3,controls_plus_rho_learned_vs_controls_only_learned,topk_preservation,0.9098908501696552,0.8985620224842537,0.011328827685401555,0.003799240151969606,0.006863143500332191
grouped_example_5fold,0.3,gradient_plus_rho_learned_vs_gradient_only_learned,safe_movement_rate,0.1687986762573654,0.14001772010617763,0.028780956151187753,0.0001999600079984003,0.0005089891112686554
grouped_example_5fold,0.3,gradient_plus_rho_learned_vs_gradient_only_learned,movement_per_drift,18.40134357191821,16.1071542448641,2.294189327054113,0.0001999600079984003,0.0005089891112686554
grouped_example_5fold,0.3,gradient_plus_rho_learned_vs_gradient_only_learned,regret_vs_oracle,0.23165851461610823,0.260439470767296,-0.02878095615118778,0.0001999600079984003,0.0005089891112686554
grouped_example_5fold,0.3,gradient_plus_rho_learned_vs_gradient_only_learned,topk_preservation,0.9338866238224922,0.9140813634124443,0.01980526041004793,0.0001999600079984003,0.0005089891112686554
grouped_example_5fold,0.3,rho_only_vs_within_example_shuffled_rho,safe_movement_rate,0.16740424170978874,0.12611119615808683,0.04129304555170191,0.0001999600079984003,0.0005089891112686554
grouped_example_5fold,0.3,rho_only_vs_within_example_shuffled_rho,movement_per_drift,18.753109565837782,19.029830499536935,-0.27672093369915274,0.0003999200159968006,0.0009003224480731995
grouped_example_5fold,0.3,rho_only_vs_within_example_shuffled_rho,regret_vs_oracle,0.23305294916368488,0.2743459947153868,-0.04129304555170191,0.0001999600079984003,0.0005089891112686554
grouped_example_5fold,0.3,rho_only_vs_within_example_shuffled_rho,topk_preservation,0.93881387723962,0.9459625691467123,-0.0071486919070923305,0.16636672665466906,0.1956228176936791
grouped_example_5fold,0.3,rho_only_vs_shuffled_rho,safe_movement_rate,0.16740424170978874,0.1250415413848876,0.04236270032490114,0.0001999600079984003,0.0005089891112686554
grouped_example_5fold,0.3,rho_only_vs_shuffled_rho,movement_per_drift,18.753109565837782,20.579369169898875,-1.826259604061093,0.002599480103979204,0.004872665634237169
grouped_example_5fold,0.3,rho_only_vs_shuffled_rho,regret_vs_oracle,0.23305294916368488,0.275415649488586,-0.04236270032490111,0.0001999600079984003,0.0005089891112686554
grouped_example_5fold,0.3,rho_only_vs_shuffled_rho,topk_preservation,0.93881387723962,0.9537837241323123,-0.014969846892692318,0.14297140571885622,0.17060990984826907
grouped_example_5fold,0.3,rho_only_vs_random,safe_movement_rate,0.16740424170978874,0.1196100038211552,0.04779423788863353,0.0001999600079984003,0.0005089891112686554
grouped_example_5fold,0.3,rho_only_vs_random,movement_per_drift,18.753109565837782,20.20793431455159,-1.4548247487138077,0.0003999200159968006,0.0009003224480731995
grouped_example_5fold,0.3,rho_only_vs_random,regret_vs_oracle,0.23305294916368488,0.2808471870523184,-0.047794237888633545,0.0001999600079984003,0.0005089891112686554
grouped_example_5fold,0.3,rho_only_vs_random,topk_preservation,0.93881387723962,0.9531073452093581,-0.014293467969738183,0.126374725054989,0.15511199130037007
grouped_example_5fold,0.3,rho_only_vs_highest_entropy,safe_movement_rate,0.16740424170978874,0.07177720552538826,0.09562703618440048,0.0001999600079984003,0.0005089891112686554
grouped_example_5fold,0.3,rho_only_vs_highest_entropy,movement_per_drift,18.753109565837782,19.41543826008145,-0.6623286942436692,0.0001999600079984003,0.0005089891112686554
grouped_example_5fold,0.3,rho_only_vs_highest_entropy,regret_vs_oracle,0.23305294916368488,0.3286799853480854,-0.09562703618440052,0.0001999600079984003,0.0005089891112686554
grouped_example_5fold,0.3,rho_only_vs_highest_entropy,topk_preservation,0.93881387723962,0.9740474993318123,-0.035233622092192385,0.0001999600079984003,0.0005089891112686554
grouped_example_5fold,0.3,rho_only_vs_highest_fisher_output_energy,safe_movement_rate,0.16740424170978874,0.1289368835516224,0.03846735815816635,0.001799640071985603,0.0035517125649759916
grouped_example_5fold,0.3,rho_only_vs_highest_fisher_output_energy,movement_per_drift,18.753109565837782,22.138596447403263,-3.3854868815654804,0.08838232353529295,0.11122269928036865
grouped_example_5fold,0.3,rho_only_vs_highest_fisher_output_energy,regret_vs_oracle,0.23305294916368488,0.27152030732185123,-0.03846735815816635,0.0021995600879824036,0.0042111235872483626
grouped_example_5fold,0.3,rho_only_vs_highest_fisher_output_energy,topk_preservation,0.93881387723962,0.9623316693377918,-0.02351779209817184,0.1875624875024995,0.21768910466611338
leave_one_model_out,0.05,controls_plus_rho_learned_vs_controls_only_learned,safe_movement_rate,0.20218579234972678,0.1721311475409836,0.030054644808743175,0.02539492101579684,0.03817759937945297
leave_one_model_out,0.05,controls_plus_rho_learned_vs_controls_only_learned,movement_per_drift,19.506508250278973,18.369094368871423,1.13741388140755,0.001999600079984003,0.0038612967061760063
leave_one_model_out,0.05,controls_plus_rho_learned_vs_controls_only_learned,regret_vs_oracle,0.7978142076502732,0.8278688524590164,-0.030054644808743203,0.022595480903819236,0.034431208996295974
leave_one_model_out,0.05,controls_plus_rho_learned_vs_controls_only_learned,topk_preservation,0.8715846994535519,0.8707650273224044,0.0008196721311475308,0.027394521095780843,0.041045971407725146
leave_one_model_out,0.05,gradient_plus_rho_learned_vs_gradient_only_learned,safe_movement_rate,0.17759562841530055,0.17759562841530055,0.0,0.0001999600079984003,0.0005089891112686554
leave_one_model_out,0.05,gradient_plus_rho_learned_vs_gradient_only_learned,movement_per_drift,20.938325657653596,16.99466952893422,3.9436561287193754,0.0001999600079984003,0.0005089891112686554
leave_one_model_out,0.05,gradient_plus_rho_learned_vs_gradient_only_learned,regret_vs_oracle,0.8224043715846995,0.8224043715846995,0.0,0.0003999200159968006,0.0009003224480731995
leave_one_model_out,0.05,gradient_plus_rho_learned_vs_gradient_only_learned,topk_preservation,0.9275956284153005,0.9002732240437159,0.02732240437158462,0.0001999600079984003,0.0005089891112686554
leave_one_model_out,0.05,rho_only_vs_within_example_shuffled_rho,safe_movement_rate,0.16393442622950818,0.11748633879781421,0.04644808743169397,0.0005998800239952009,0.001317383582107108
leave_one_model_out,0.05,rho_only_vs_within_example_shuffled_rho,movement_per_drift,19.970383311560816,17.863334465270096,2.10704884629072,0.0011997600479904018,0.0024769239700447006
leave_one_model_out,0.05,rho_only_vs_within_example_shuffled_rho,regret_vs_oracle,0.8360655737704917,0.8825136612021858,-0.04644808743169404,0.0005998800239952009,0.001317383582107108
leave_one_model_out,0.05,rho_only_vs_within_example_shuffled_rho,topk_preservation,0.9333333333333332,0.9508196721311476,-0.01748633879781436,0.8982203559288142,0.9104133924346353
leave_one_model_out,0.05,rho_only_vs_shuffled_rho,safe_movement_rate,0.16393442622950818,0.0901639344262295,0.07377049180327869,0.28274345130973805,0.3119927738590213
leave_one_model_out,0.05,rho_only_vs_shuffled_rho,movement_per_drift,19.970383311560816,25.638172327657312,-5.667789016096496,0.0015996800639872025,0.0032281831921903907
leave_one_model_out,0.05,rho_only_vs_shuffled_rho,regret_vs_oracle,0.8360655737704917,0.9098360655737704,-0.07377049180327866,0.26554689062187564,0.29446783910544627
leave_one_model_out,0.05,rho_only_vs_shuffled_rho,topk_preservation,0.9333333333333332,0.9562841530054644,-0.022950819672131195,0.0001999600079984003,0.0005089891112686554
leave_one_model_out,0.05,rho_only_vs_random,safe_movement_rate,0.16393442622950818,0.09562841530054644,0.06830601092896174,0.13717256548690263,0.16519706811325907
leave_one_model_out,0.05,rho_only_vs_random,movement_per_drift,19.970383311560816,22.498581482234126,-2.52819817067331,0.002999400119976005,0.005575648355806018
leave_one_model_out,0.05,rho_only_vs_random,regret_vs_oracle,0.8360655737704917,0.9043715846994536,-0.06830601092896182,0.13797240551889622,0.16571484630687805
leave_one_model_out,0.05,rho_only_vs_random,topk_preservation,0.9333333333333332,0.9494535519125682,-0.016120218579234957,0.0001999600079984003,0.0005089891112686554
leave_one_model_out,0.05,rho_only_vs_highest_entropy,safe_movement_rate,0.16393442622950818,0.02185792349726776,0.14207650273224043,0.0001999600079984003,0.0005089891112686554
leave_one_model_out,0.05,rho_only_vs_highest_entropy,movement_per_drift,19.970383311560816,12.549220876477817,7.421162435083,0.0001999600079984003,0.0005089891112686554
leave_one_model_out,0.05,rho_only_vs_highest_entropy,regret_vs_oracle,0.8360655737704917,0.9781420765027322,-0.14207650273224048,0.0001999600079984003,0.0005089891112686554
leave_one_model_out,0.05,rho_only_vs_highest_entropy,topk_preservation,0.9333333333333332,0.9166666666666666,0.016666666666666607,0.0001999600079984003,0.0005089891112686554
leave_one_model_out,0.05,rho_only_vs_highest_fisher_output_energy,safe_movement_rate,0.16393442622950818,0.10382513661202186,0.06010928961748632,0.4761047790441912,0.5054382488431224
leave_one_model_out,0.05,rho_only_vs_highest_fisher_output_energy,movement_per_drift,19.970383311560816,26.16869636927001,-6.198313057709193,0.07898420315936813,0.10197384154293061
leave_one_model_out,0.05,rho_only_vs_highest_fisher_output_energy,regret_vs_oracle,0.8360655737704917,0.8961748633879781,-0.060109289617486406,0.47430513897220555,0.5047237583362187
leave_one_model_out,0.05,rho_only_vs_highest_fisher_output_energy,topk_preservation,0.9333333333333332,0.9576502732240438,-0.024316939890710598,0.0001999600079984003,0.0005089891112686554
leave_one_model_out,0.1,controls_plus_rho_learned_vs_controls_only_learned,safe_movement_rate,0.20164609053497942,0.17558299039780523,0.026063100137174194,0.049590081983603276,0.0679399288338051
leave_one_model_out,0.1,controls_plus_rho_learned_vs_controls_only_learned,movement_per_drift,20.968906991196707,17.989085332877526,2.9798216583191817,0.22275544891021795,0.2532853835324306
leave_one_model_out,0.1,controls_plus_rho_learned_vs_controls_only_learned,regret_vs_oracle,0.7983539094650206,0.8244170096021947,-0.026063100137174056,0.059988002399520096,0.08022276141786569
leave_one_model_out,0.1,controls_plus_rho_learned_vs_controls_only_learned,topk_preservation,0.8928669410150891,0.8887517146776406,0.004115226337448541,0.03199360127974405,0.046993879912542086
leave_one_model_out,0.1,gradient_plus_rho_learned_vs_gradient_only_learned,safe_movement_rate,0.15775034293552812,0.16323731138545952,-0.005486968449931406,0.0003999200159968006,0.0009003224480731995
leave_one_model_out,0.1,gradient_plus_rho_learned_vs_gradient_only_learned,movement_per_drift,20.156656745332146,18.79169200553025,1.364964739801895,0.0001999600079984003,0.0005089891112686554
leave_one_model_out,0.1,gradient_plus_rho_learned_vs_gradient_only_learned,regret_vs_oracle,0.8422496570644719,0.8367626886145404,0.005486968449931462,0.0003999200159968006,0.0009003224480731995
leave_one_model_out,0.1,gradient_plus_rho_learned_vs_gradient_only_learned,topk_preservation,0.9171467764060356,0.9320987654320988,-0.014951989026063206,0.0001999600079984003,0.0005089891112686554
leave_one_model_out,0.1,rho_only_vs_within_example_shuffled_rho,safe_movement_rate,0.15775034293552812,0.1262002743484225,0.03155006858710563,0.024795040991801638,0.037401273953963414
leave_one_model_out,0.1,rho_only_vs_within_example_shuffled_rho,movement_per_drift,19.606993343689005,18.436156306406087,1.1708370372829187,0.020395920815836834,0.03139990558589313
leave_one_model_out,0.1,rho_only_vs_within_example_shuffled_rho,regret_vs_oracle,0.8422496570644719,0.8737997256515775,-0.03155006858710563,0.021995600879824034,0.03363149895618146
leave_one_model_out,0.1,rho_only_vs_within_example_shuffled_rho,topk_preservation,0.9404663923182442,0.9502057613168725,-0.009739368998628262,0.23615276944611077,0.26716272907034755
leave_one_model_out,0.1,rho_only_vs_shuffled_rho,safe_movement_rate,0.15775034293552812,0.1056241426611797,0.052126200274348417,0.1821635672865427,0.2125241618342998
leave_one_model_out,0.1,rho_only_vs_shuffled_rho,movement_per_drift,19.606993343689005,24.511761251640063,-4.904767907951058,0.0629874025194961,0.08348626132761613
leave_one_model_out,0.1,rho_only_vs_shuffled_rho,regret_vs_oracle,0.8422496570644719,0.8943758573388204,-0.052126200274348555,0.17796440711857628,0.20871218426471774
leave_one_model_out,0.1,rho_only_vs_shuffled_rho,topk_preservation,0.9404663923182442,0.9574759945130316,-0.01700960219478731,0.0015996800639872025,0.0032281831921903907
leave_one_model_out,0.1,rho_only_vs_random,safe_movement_rate,0.15775034293552812,0.10013717421124828,0.05761316872427984,0.07978404319136173,0.10241619297916922
leave_one_model_out,0.1,rho_only_vs_random,movement_per_drift,19.606993343689005,20.541282938742388,-0.9342895950533823,0.2419516096780644,0.27234754054214283
leave_one_model_out,0.1,rho_only_vs_random,regret_vs_oracle,0.8422496570644719,0.8998628257887518,-0.057613168724279906,0.08018396320735853,0.10263547290541891
leave_one_model_out,0.1,rho_only_vs_random,topk_preservation,0.9404663923182442,0.9529492455418381,-0.012482853223593882,0.001799640071985603,0.0035517125649759916
leave_one_model_out,0.1,rho_only_vs_highest_entropy,safe_movement_rate,0.15775034293552812,0.039780521262002745,0.11796982167352538,0.0001999600079984003,0.0005089891112686554
leave_one_model_out,0.1,rho_only_vs_highest_entropy,movement_per_drift,19.606993343689005,15.306153095530348,4.300840248158657,0.0001999600079984003,0.0005089891112686554
leave_one_model_out,0.1,rho_only_vs_highest_entropy,regret_vs_oracle,0.8422496570644719,0.9602194787379973,-0.11796982167352543,0.0001999600079984003,0.0005089891112686554
leave_one_model_out,0.1,rho_only_vs_highest_entropy,topk_preservation,0.9404663923182442,0.9458161865569273,-0.005349794238683092,0.0001999600079984003,0.0005089891112686554
leave_one_model_out,0.1,rho_only_vs_highest_fisher_output_energy,safe_movement_rate,0.15775034293552812,0.13443072702331962,0.02331961591220849,0.8622275544891022,0.8799042013920677
leave_one_model_out,0.1,rho_only_vs_highest_fisher_output_energy,movement_per_drift,19.606993343689005,22.802378105592684,-3.1953847619036786,0.09218156368726255,0.11535569980975872
leave_one_model_out,0.1,rho_only_vs_highest_fisher_output_energy,regret_vs_oracle,0.8422496570644719,0.8655692729766805,-0.023319615912208658,0.871625674865027,0.8874734144080275
leave_one_model_out,0.1,rho_only_vs_highest_fisher_output_energy,topk_preservation,0.9404663923182442,0.9622770919067215,-0.021810699588477256,0.001799640071985603,0.0035517125649759916
leave_one_model_out,0.2,controls_plus_rho_learned_vs_controls_only_learned,safe_movement_rate,0.1803840877914952,0.1646090534979424,0.015775034293552814,0.0003999200159968006,0.0009003224480731995
leave_one_model_out,0.2,controls_plus_rho_learned_vs_controls_only_learned,movement_per_drift,20.561578345846723,19.35289031147521,1.2086880343715123,0.0001999600079984003,0.0005089891112686554
leave_one_model_out,0.2,controls_plus_rho_learned_vs_controls_only_learned,regret_vs_oracle,0.4142661179698217,0.43004115226337447,-0.01577503429355276,0.0001999600079984003,0.0005089891112686554
leave_one_model_out,0.2,controls_plus_rho_learned_vs_controls_only_learned,topk_preservation,0.9019890260631002,0.8959533607681754,0.006035665294924719,0.021195760847830435,0.032519523492561764
leave_one_model_out,0.2,gradient_plus_rho_learned_vs_gradient_only_learned,safe_movement_rate,0.16941015089163236,0.14609053497942387,0.02331961591220849,0.0001999600079984003,0.0005089891112686554
leave_one_model_out,0.2,gradient_plus_rho_learned_vs_gradient_only_learned,movement_per_drift,21.271631463829795,17.04451931260805,4.227112151221746,0.0001999600079984003,0.0005089891112686554
leave_one_model_out,0.2,gradient_plus_rho_learned_vs_gradient_only_learned,regret_vs_oracle,0.4252400548696846,0.44855967078189307,-0.02331961591220849,0.0001999600079984003,0.0005089891112686554
leave_one_model_out,0.2,gradient_plus_rho_learned_vs_gradient_only_learned,topk_preservation,0.9349794238683128,0.925445816186557,0.009533607681755818,0.0001999600079984003,0.0005089891112686554
leave_one_model_out,0.2,rho_only_vs_within_example_shuffled_rho,safe_movement_rate,0.16529492455418382,0.12894375857338822,0.0363511659807956,0.0007998400319936012,0.0017227323766016028
leave_one_model_out,0.2,rho_only_vs_within_example_shuffled_rho,movement_per_drift,21.297093984842093,19.85166392010948,1.4454300647326122,0.0007998400319936012,0.0017227323766016028
leave_one_model_out,0.2,rho_only_vs_within_example_shuffled_rho,regret_vs_oracle,0.4293552812071331,0.4657064471879287,-0.036351165980795574,0.0003999200159968006,0.0009003224480731995
leave_one_model_out,0.2,rho_only_vs_within_example_shuffled_rho,topk_preservation,0.9387517146776405,0.9467764060356653,-0.00802469135802475,0.1349730053989202,0.16386966509137196
leave_one_model_out,0.2,rho_only_vs_shuffled_rho,safe_movement_rate,0.16529492455418382,0.12208504801097393,0.04320987654320989,0.051989602079584085,0.07015464377004117
leave_one_model_out,0.2,rho_only_vs_shuffled_rho,movement_per_drift,21.297093984842093,23.150028324757773,-1.8529343399156808,0.621875624875025,0.6509352335140449
leave_one_model_out,0.2,rho_only_vs_shuffled_rho,regret_vs_oracle,0.4293552812071331,0.4725651577503429,-0.04320987654320979,0.05038992201559688,0.06882525933837623
leave_one_model_out,0.2,rho_only_vs_shuffled_rho,topk_preservation,0.9387517146776405,0.9560356652949246,-0.01728395061728405,0.008798240351929614,0.01504431938039873
leave_one_model_out,0.2,rho_only_vs_random,safe_movement_rate,0.16529492455418382,0.11316872427983539,0.05212620027434843,0.009598080383923215,0.016165188015028573
leave_one_model_out,0.2,rho_only_vs_random,movement_per_drift,21.297093984842093,19.932526288880776,1.3645676959613162,0.14337132573485303,0.17060990984826907
leave_one_model_out,0.2,rho_only_vs_random,regret_vs_oracle,0.4293552812071331,0.48148148148148145,-0.05212620027434833,0.006998600279944011,0.012105686970713965
leave_one_model_out,0.2,rho_only_vs_random,topk_preservation,0.9387517146776405,0.9556927297668038,-0.016941015089163236,0.010397920415916816,0.01731698270011425
leave_one_model_out,0.2,rho_only_vs_highest_entropy,safe_movement_rate,0.16529492455418382,0.06378600823045268,0.10150891632373114,0.0001999600079984003,0.0005089891112686554
leave_one_model_out,0.2,rho_only_vs_highest_entropy,movement_per_drift,21.297093984842093,17.996458998894298,3.300634985947795,0.0001999600079984003,0.0005089891112686554
leave_one_model_out,0.2,rho_only_vs_highest_entropy,regret_vs_oracle,0.4293552812071331,0.5308641975308642,-0.1015089163237311,0.0001999600079984003,0.0005089891112686554
leave_one_model_out,0.2,rho_only_vs_highest_entropy,topk_preservation,0.9387517146776405,0.9667352537722907,-0.027983539094650234,0.0001999600079984003,0.0005089891112686554
leave_one_model_out,0.2,rho_only_vs_highest_fisher_output_energy,safe_movement_rate,0.16529492455418382,0.13237311385459535,0.032921810699588466,0.26494701059788045,0.29446783910544627
leave_one_model_out,0.2,rho_only_vs_highest_fisher_output_energy,movement_per_drift,21.297093984842093,20.194701918872273,1.1023920659698199,0.7742451509698061,0.8010665765230326
leave_one_model_out,0.2,rho_only_vs_highest_fisher_output_energy,regret_vs_oracle,0.4293552812071331,0.46227709190672156,-0.03292181069958844,0.2623475304939012,0.2923673971673327
leave_one_model_out,0.2,rho_only_vs_highest_fisher_output_energy,topk_preservation,0.9387517146776405,0.9553497942386832,-0.016598079561042645,0.02399520095980804,0.0363170609121419
leave_one_model_out,0.3,controls_plus_rho_learned_vs_controls_only_learned,safe_movement_rate,0.17969821673525377,0.15912208504801098,0.020576131687242788,0.0001999600079984003,0.0005089891112686554
leave_one_model_out,0.3,controls_plus_rho_learned_vs_controls_only_learned,movement_per_drift,21.772964354671256,19.218867327480346,2.5540970271909096,0.0001999600079984003,0.0005089891112686554
leave_one_model_out,0.3,controls_plus_rho_learned_vs_controls_only_learned,regret_vs_oracle,0.21673525377229078,0.2373113854595336,-0.020576131687242816,0.0001999600079984003,0.0005089891112686554
leave_one_model_out,0.3,controls_plus_rho_learned_vs_controls_only_learned,topk_preservation,0.9199817101051669,0.9087334247828075,0.011248285322359441,0.004199160167966407,0.007494915359557571
leave_one_model_out,0.3,gradient_plus_rho_learned_vs_gradient_only_learned,safe_movement_rate,0.1646090534979424,0.14723365340649291,0.017375400091449472,0.0001999600079984003,0.0005089891112686554
leave_one_model_out,0.3,gradient_plus_rho_learned_vs_gradient_only_learned,movement_per_drift,21.174988366026884,18.48709603134328,2.6878923346836032,0.0001999600079984003,0.0005089891112686554
leave_one_model_out,0.3,gradient_plus_rho_learned_vs_gradient_only_learned,regret_vs_oracle,0.2318244170096022,0.24919981710105166,-0.017375400091449444,0.0001999600079984003,0.0005089891112686554
leave_one_model_out,0.3,gradient_plus_rho_learned_vs_gradient_only_learned,topk_preservation,0.94453589391861,0.9302697759487882,0.014266117969821801,0.0001999600079984003,0.0005089891112686554
leave_one_model_out,0.3,rho_only_vs_within_example_shuffled_rho,safe_movement_rate,0.16369455875628713,0.12848651120256058,0.03520804755372656,0.0001999600079984003,0.0005089891112686554
leave_one_model_out,0.3,rho_only_vs_within_example_shuffled_rho,movement_per_drift,21.348274916365014,20.16689121199229,1.181383704372724,0.0001999600079984003,0.0005089891112686554
leave_one_model_out,0.3,rho_only_vs_within_example_shuffled_rho,regret_vs_oracle,0.2327389117512574,0.26794695930498397,-0.03520804755372656,0.0001999600079984003,0.0005089891112686554
leave_one_model_out,0.3,rho_only_vs_within_example_shuffled_rho,topk_preservation,0.9434842249657064,0.9490626428898034,-0.005578417924096968,0.3887222555488902,0.42475017191683617
leave_one_model_out,0.3,rho_only_vs_shuffled_rho,safe_movement_rate,0.16369455875628713,0.12437128486511202,0.03932327389117511,0.0001999600079984003,0.0005089891112686554
leave_one_model_out,0.3,rho_only_vs_shuffled_rho,movement_per_drift,21.348274916365014,21.543626365663574,-0.19535144929855974,0.0033993201359728054,0.006215899677207416
leave_one_model_out,0.3,rho_only_vs_shuffled_rho,regret_vs_oracle,0.2327389117512574,0.27206218564243256,-0.03932327389117515,0.0001999600079984003,0.0005089891112686554
leave_one_model_out,0.3,rho_only_vs_shuffled_rho,topk_preservation,0.9434842249657064,0.9553269318701417,-0.01184270690443534,0.13557288542291543,0.1639521152373299
leave_one_model_out,0.3,rho_only_vs_random,safe_movement_rate,0.16369455875628713,0.12025605852766347,0.04343850022862367,0.0001999600079984003,0.0005089891112686554
leave_one_model_out,0.3,rho_only_vs_random,movement_per_drift,21.348274916365014,20.194351902942163,1.153923013422851,0.0013997200559888023,0.0028633542697853124
leave_one_model_out,0.3,rho_only_vs_random,regret_vs_oracle,0.2327389117512574,0.2761774119798811,-0.043438500228623694,0.0001999600079984003,0.0005089891112686554
leave_one_model_out,0.3,rho_only_vs_random,topk_preservation,0.9434842249657064,0.95546410608139,-0.0119798811156836,0.1269746050789842,0.1554224674190845
leave_one_model_out,0.3,rho_only_vs_highest_entropy,safe_movement_rate,0.16369455875628713,0.06904435299497028,0.09465020576131686,0.0001999600079984003,0.0005089891112686554
leave_one_model_out,0.3,rho_only_vs_highest_entropy,movement_per_drift,21.348274916365014,18.77900938664099,2.5692655297240243,0.0001999600079984003,0.0005089891112686554
leave_one_model_out,0.3,rho_only_vs_highest_entropy,regret_vs_oracle,0.2327389117512574,0.32738911751257427,-0.09465020576131686,0.0001999600079984003,0.0005089891112686554
leave_one_model_out,0.3,rho_only_vs_highest_entropy,topk_preservation,0.9434842249657064,0.9734796524919981,-0.029995427526291696,0.0001999600079984003,0.0005089891112686554
leave_one_model_out,0.3,rho_only_vs_highest_fisher_output_energy,safe_movement_rate,0.16369455875628713,0.13305898491083676,0.030635573845450376,0.007798440311937612,0.013437312537492502
leave_one_model_out,0.3,rho_only_vs_highest_fisher_output_energy,movement_per_drift,21.348274916365014,19.48951691900376,1.8587579973612556,0.10277944411117776,0.12754900543437017
leave_one_model_out,0.3,rho_only_vs_highest_fisher_output_energy,regret_vs_oracle,0.2327389117512574,0.2633744855967078,-0.030635573845450376,0.009598080383923215,0.016165188015028573
leave_one_model_out,0.3,rho_only_vs_highest_fisher_output_energy,topk_preservation,0.9434842249657064,0.9565157750342935,-0.013031550068587139,0.2461507698460308,0.27637981175694687
leave_one_route_family_out,0.05,controls_plus_rho_learned_vs_controls_only_learned,safe_movement_rate,0.16393442622950818,0.1612021857923497,0.002732240437158473,0.40571885622875425,0.44117001842349973
leave_one_route_family_out,0.05,controls_plus_rho_learned_vs_controls_only_learned,movement_per_drift,11.256742752165865,11.16329016218407,0.09345258998179418,0.40051989602079585,0.43657643167230303
leave_one_route_family_out,0.05,controls_plus_rho_learned_vs_controls_only_learned,regret_vs_oracle,0.8360655737704917,0.8387978142076503,-0.002732240437158584,0.4149170165966807,0.4500794756302977
leave_one_route_family_out,0.05,controls_plus_rho_learned_vs_controls_only_learned,topk_preservation,0.8663934426229508,0.8737704918032788,-0.007377049180327999,0.10757848430313938,0.13313580377847084
leave_one_route_family_out,0.05,gradient_plus_rho_learned_vs_gradient_only_learned,safe_movement_rate,0.13387978142076504,0.10109289617486339,0.03278688524590165,0.08158368326334733,0.10408827325444002
leave_one_route_family_out,0.05,gradient_plus_rho_learned_vs_gradient_only_learned,movement_per_drift,9.482418046610267,4.37462395957957,5.107794087030697,0.009598080383923215,0.016165188015028573
leave_one_route_family_out,0.05,gradient_plus_rho_learned_vs_gradient_only_learned,regret_vs_oracle,0.866120218579235,0.8989071038251367,-0.032786885245901676,0.07558488302339532,0.09815080462168436
leave_one_route_family_out,0.05,gradient_plus_rho_learned_vs_gradient_only_learned,topk_preservation,0.8497267759562842,0.8420765027322404,0.007650273224043769,0.14237152569486103,0.17054129281095654
leave_one_route_family_out,0.05,rho_only_vs_within_example_shuffled_rho,safe_movement_rate,0.1612021857923497,0.13114754098360656,0.030054644808743147,0.03659268146370726,0.05254333748634889
leave_one_route_family_out,0.05,rho_only_vs_within_example_shuffled_rho,movement_per_drift,12.440711440806645,11.553260403342192,0.8874510374644533,0.16516696660667868,0.1947231606310317
leave_one_route_family_out,0.05,rho_only_vs_within_example_shuffled_rho,regret_vs_oracle,0.8387978142076502,0.8688524590163934,-0.030054644808743203,0.03419316136772645,0.04957455110919563
leave_one_route_family_out,0.05,rho_only_vs_within_example_shuffled_rho,topk_preservation,0.9155737704918033,0.9295081967213115,-0.013934426229508134,0.1911617676464707,0.22129320905844668
leave_one_route_family_out,0.05,rho_only_vs_shuffled_rho,safe_movement_rate,0.1612021857923497,0.0901639344262295,0.07103825136612021,0.8300339932013597,0.8491890662963297
leave_one_route_family_out,0.05,rho_only_vs_shuffled_rho,movement_per_drift,12.440711440806645,24.663752624021516,-12.223041183214871,0.0001999600079984003,0.0005089891112686554
leave_one_route_family_out,0.05,rho_only_vs_shuffled_rho,regret_vs_oracle,0.8387978142076502,0.9098360655737704,-0.07103825136612019,0.8302339532093581,0.8491890662963297
leave_one_route_family_out,0.05,rho_only_vs_shuffled_rho,topk_preservation,0.9155737704918033,0.9549180327868853,-0.03934426229508192,0.0001999600079984003,0.0005089891112686554
leave_one_route_family_out,0.05,rho_only_vs_random,safe_movement_rate,0.1612021857923497,0.10655737704918034,0.054644808743169376,0.991001799640072,0.9926014797040592
leave_one_route_family_out,0.05,rho_only_vs_random,movement_per_drift,12.440711440806645,20.440795197590088,-8.000083756783443,0.0001999600079984003,0.0005089891112686554
leave_one_route_family_out,0.05,rho_only_vs_random,regret_vs_oracle,0.8387978142076502,0.8934426229508197,-0.05464480874316946,0.9926014797040592,0.9926014797040592
leave_one_route_family_out,0.05,rho_only_vs_random,topk_preservation,0.9155737704918033,0.9508196721311476,-0.03524590163934427,0.0001999600079984003,0.0005089891112686554
leave_one_route_family_out,0.05,rho_only_vs_highest_entropy,safe_movement_rate,0.1612021857923497,0.01639344262295082,0.1448087431693989,0.0001999600079984003,0.0005089891112686554
leave_one_route_family_out,0.05,rho_only_vs_highest_entropy,movement_per_drift,12.440711440806645,11.99543024980215,0.44528119100449537,0.0001999600079984003,0.0005089891112686554
leave_one_route_family_out,0.05,rho_only_vs_highest_entropy,regret_vs_oracle,0.8387978142076502,0.983606557377049,-0.14480874316939885,0.0001999600079984003,0.0005089891112686554
leave_one_route_family_out,0.05,rho_only_vs_highest_entropy,topk_preservation,0.9155737704918033,0.9371584699453552,-0.021584699453551903,0.0001999600079984003,0.0005089891112686554
leave_one_route_family_out,0.05,rho_only_vs_highest_fisher_output_energy,safe_movement_rate,0.1612021857923497,0.09289617486338797,0.06830601092896174,0.0015996800639872025,0.0032281831921903907
leave_one_route_family_out,0.05,rho_only_vs_highest_fisher_output_energy,movement_per_drift,12.440711440806645,23.97393244726862,-11.533221006461975,0.015596880623875225,0.024690468266770675
leave_one_route_family_out,0.05,rho_only_vs_highest_fisher_output_energy,regret_vs_oracle,0.8387978142076502,0.907103825136612,-0.06830601092896182,0.002599480103979204,0.004872665634237169
leave_one_route_family_out,0.05,rho_only_vs_highest_fisher_output_energy,topk_preservation,0.9155737704918033,0.9631147540983607,-0.04754098360655734,0.057588482303539294,0.07747639661256937
leave_one_route_family_out,0.1,controls_plus_rho_learned_vs_controls_only_learned,safe_movement_rate,0.1700960219478738,0.15637860082304525,0.013717421124828544,0.15636872625474904,0.1848369112457192
leave_one_route_family_out,0.1,controls_plus_rho_learned_vs_controls_only_learned,movement_per_drift,11.347771086326672,13.75954183674957,-2.411770750422898,0.21575684863027395,0.2459518274462156
leave_one_route_family_out,0.1,controls_plus_rho_learned_vs_controls_only_learned,regret_vs_oracle,0.8299039780521262,0.8436213991769548,-0.013717421124828544,0.14357128574285144,0.17060990984826907
leave_one_route_family_out,0.1,controls_plus_rho_learned_vs_controls_only_learned,topk_preservation,0.8791495198902606,0.8813443072702332,-0.0021947873799725848,0.21175764847030593,0.24200874110892107
leave_one_route_family_out,0.1,gradient_plus_rho_learned_vs_gradient_only_learned,safe_movement_rate,0.15363511659807957,0.13854595336076816,0.01508916323731141,0.0001999600079984003,0.0005089891112686554
leave_one_route_family_out,0.1,gradient_plus_rho_learned_vs_gradient_only_learned,movement_per_drift,9.742931944552891,7.100759561372242,2.6421723831806494,0.0001999600079984003,0.0005089891112686554
leave_one_route_family_out,0.1,gradient_plus_rho_learned_vs_gradient_only_learned,regret_vs_oracle,0.8463648834019205,0.8614540466392318,-0.015089163237311243,0.0001999600079984003,0.0005089891112686554
leave_one_route_family_out,0.1,gradient_plus_rho_learned_vs_gradient_only_learned,topk_preservation,0.8960219478737997,0.8879286694101509,0.008093278463648823,0.0003999200159968006,0.0009003224480731995
leave_one_route_family_out,0.1,rho_only_vs_within_example_shuffled_rho,safe_movement_rate,0.16049382716049385,0.13717421124828533,0.02331961591220852,0.018196360727854428,0.02840407528250447
leave_one_route_family_out,0.1,rho_only_vs_within_example_shuffled_rho,movement_per_drift,11.81269227426955,12.95666748816708,-1.14397521389753,0.04899020195960808,0.0673239585211792
leave_one_route_family_out,0.1,rho_only_vs_within_example_shuffled_rho,regret_vs_oracle,0.8395061728395062,0.8628257887517147,-0.023319615912208436,0.017196560687862426,0.027031786625131112
leave_one_route_family_out,0.1,rho_only_vs_within_example_shuffled_rho,topk_preservation,0.9242798353909465,0.9326474622770918,-0.00836762688614534,0.5740851829634073,0.6023188804861977
leave_one_route_family_out,0.1,rho_only_vs_shuffled_rho,safe_movement_rate,0.16049382716049385,0.10836762688614542,0.05212620027434843,0.46950609878024396,0.502001747621836
leave_one_route_family_out,0.1,rho_only_vs_shuffled_rho,movement_per_drift,11.81269227426955,24.137375282894112,-12.324683008624563,0.001999600079984003,0.0038612967061760063
leave_one_route_family_out,0.1,rho_only_vs_shuffled_rho,regret_vs_oracle,0.8395061728395062,0.8916323731138546,-0.05212620027434833,0.46790641871625677,0.501488219102591
leave_one_route_family_out,0.1,rho_only_vs_shuffled_rho,topk_preservation,0.9242798353909465,0.9588477366255144,-0.03456790123456788,0.0001999600079984003,0.0005089891112686554
leave_one_route_family_out,0.1,rho_only_vs_random,safe_movement_rate,0.16049382716049385,0.09876543209876543,0.06172839506172842,0.1247750449910018,0.15356928614277143
leave_one_route_family_out,0.1,rho_only_vs_random,movement_per_drift,11.81269227426955,19.879311279557943,-8.066619005288393,0.04319136172765447,0.060279532878471036
leave_one_route_family_out,0.1,rho_only_vs_random,regret_vs_oracle,0.8395061728395062,0.9012345679012346,-0.061728395061728336,0.133373325334933,0.16236752649470107
leave_one_route_family_out,0.1,rho_only_vs_random,topk_preservation,0.9242798353909465,0.9508916323731139,-0.026611796982167424,0.0001999600079984003,0.0005089891112686554
leave_one_route_family_out,0.1,rho_only_vs_highest_entropy,safe_movement_rate,0.16049382716049385,0.0411522633744856,0.11934156378600824,0.0001999600079984003,0.0005089891112686554
leave_one_route_family_out,0.1,rho_only_vs_highest_entropy,movement_per_drift,11.81269227426955,15.173068046987844,-3.360375772718294,0.0001999600079984003,0.0005089891112686554
leave_one_route_family_out,0.1,rho_only_vs_highest_entropy,regret_vs_oracle,0.8395061728395062,0.9588477366255144,-0.11934156378600813,0.0001999600079984003,0.0005089891112686554
leave_one_route_family_out,0.1,rho_only_vs_highest_entropy,topk_preservation,0.9242798353909465,0.9636488340192044,-0.039368998628257934,0.0001999600079984003,0.0005089891112686554
leave_one_route_family_out,0.1,rho_only_vs_highest_fisher_output_energy,safe_movement_rate,0.16049382716049385,0.11522633744855966,0.045267489711934186,0.0001999600079984003,0.0005089891112686554
leave_one_route_family_out,0.1,rho_only_vs_highest_fisher_output_energy,movement_per_drift,11.81269227426955,26.006243531744712,-14.193551257475162,0.0011997600479904018,0.0024769239700447006
leave_one_route_family_out,0.1,rho_only_vs_highest_fisher_output_energy,regret_vs_oracle,0.8395061728395062,0.8847736625514404,-0.04526748971193417,0.0003999200159968006,0.0009003224480731995
leave_one_route_family_out,0.1,rho_only_vs_highest_fisher_output_energy,topk_preservation,0.9242798353909465,0.96639231824417,-0.042112482853223554,0.0009998000399920016,0.002102865811814163
leave_one_route_family_out,0.2,controls_plus_rho_learned_vs_controls_only_learned,safe_movement_rate,0.18861454046639228,0.17078189300411525,0.01783264746227703,0.0011997600479904018,0.0024769239700447006
leave_one_route_family_out,0.2,controls_plus_rho_learned_vs_controls_only_learned,movement_per_drift,13.943423162388342,10.724916545737605,3.2185066166507372,0.010797840431913617,0.01791641671665667
leave_one_route_family_out,0.2,controls_plus_rho_learned_vs_controls_only_learned,regret_vs_oracle,0.4060356652949246,0.4238683127572016,-0.01783264746227703,0.0011997600479904018,0.0024769239700447006
leave_one_route_family_out,0.2,controls_plus_rho_learned_vs_controls_only_learned,topk_preservation,0.8989026063100137,0.8910836762688614,0.007818930041152305,0.0023995200959808036,0.004574404268082554
leave_one_route_family_out,0.2,gradient_plus_rho_learned_vs_gradient_only_learned,safe_movement_rate,0.17352537722908093,0.1467764060356653,0.026748971193415627,0.0001999600079984003,0.0005089891112686554
leave_one_route_family_out,0.2,gradient_plus_rho_learned_vs_gradient_only_learned,movement_per_drift,13.041766275733012,9.576612004322476,3.465154271410537,0.0003999200159968006,0.0009003224480731995
leave_one_route_family_out,0.2,gradient_plus_rho_learned_vs_gradient_only_learned,regret_vs_oracle,0.42112482853223593,0.4478737997256516,-0.026748971193415683,0.0001999600079984003,0.0005089891112686554
leave_one_route_family_out,0.2,gradient_plus_rho_learned_vs_gradient_only_learned,topk_preservation,0.9303155006858711,0.9312757201646091,-0.0009602194787380336,0.0001999600079984003,0.0005089891112686554
leave_one_route_family_out,0.2,rho_only_vs_within_example_shuffled_rho,safe_movement_rate,0.16598079561042525,0.12208504801097393,0.04389574759945132,0.0001999600079984003,0.0005089891112686554
leave_one_route_family_out,0.2,rho_only_vs_within_example_shuffled_rho,movement_per_drift,13.277210539861771,15.057900571508917,-1.7806900316471452,0.0001999600079984003,0.0005089891112686554
leave_one_route_family_out,0.2,rho_only_vs_within_example_shuffled_rho,regret_vs_oracle,0.42866941015089166,0.4725651577503429,-0.04389574759945125,0.0001999600079984003,0.0005089891112686554
leave_one_route_family_out,0.2,rho_only_vs_within_example_shuffled_rho,topk_preservation,0.9303155006858711,0.9430041152263374,-0.012688614540466325,0.04259148170365927,0.05981499624839922
leave_one_route_family_out,0.2,rho_only_vs_shuffled_rho,safe_movement_rate,0.16598079561042525,0.12345679012345678,0.04252400548696847,0.010997800439912017,0.018180865671884074
leave_one_route_family_out,0.2,rho_only_vs_shuffled_rho,movement_per_drift,13.277210539861771,23.010379114192048,-9.733168574330277,0.7210557888422315,0.7494965044114147
leave_one_route_family_out,0.2,rho_only_vs_shuffled_rho,regret_vs_oracle,0.42866941015089166,0.4711934156378601,-0.04252400548696844,0.011597680463907219,0.018893675810292488
leave_one_route_family_out,0.2,rho_only_vs_shuffled_rho,topk_preservation,0.9303155006858711,0.956721536351166,-0.02640603566529487,0.0033993201359728054,0.006215899677207416
leave_one_route_family_out,0.2,rho_only_vs_random,safe_movement_rate,0.16598079561042525,0.11454046639231824,0.05144032921810701,0.0027994401119776045,0.005225621542358195
leave_one_route_family_out,0.2,rho_only_vs_random,movement_per_drift,13.277210539861771,18.646163507825985,-5.368952967964214,0.20255948810237953,0.23388312028315986
leave_one_route_family_out,0.2,rho_only_vs_random,regret_vs_oracle,0.42866941015089166,0.4801097393689986,-0.05144032921810693,0.0033993201359728054,0.006215899677207416
leave_one_route_family_out,0.2,rho_only_vs_random,topk_preservation,0.9303155006858711,0.9536351165980795,-0.023319615912208436,0.009998000399920015,0.01671307529538868
leave_one_route_family_out,0.2,rho_only_vs_highest_entropy,safe_movement_rate,0.16598079561042525,0.06652949245541838,0.09945130315500687,0.0001999600079984003,0.0005089891112686554
leave_one_route_family_out,0.2,rho_only_vs_highest_entropy,movement_per_drift,13.277210539861771,18.040034313436816,-4.762823773575045,0.0001999600079984003,0.0005089891112686554
leave_one_route_family_out,0.2,rho_only_vs_highest_entropy,regret_vs_oracle,0.42866941015089166,0.5281207133058984,-0.09945130315500672,0.0001999600079984003,0.0005089891112686554
leave_one_route_family_out,0.2,rho_only_vs_highest_entropy,topk_preservation,0.9303155006858711,0.9639917695473251,-0.03367626886145403,0.0001999600079984003,0.0005089891112686554
leave_one_route_family_out,0.2,rho_only_vs_highest_fisher_output_energy,safe_movement_rate,0.16598079561042525,0.1207133058984911,0.04526748971193416,0.0001999600079984003,0.0005089891112686554
leave_one_route_family_out,0.2,rho_only_vs_highest_fisher_output_energy,movement_per_drift,13.277210539861771,25.504573004977107,-12.227362465115336,0.0009998000399920016,0.002102865811814163
leave_one_route_family_out,0.2,rho_only_vs_highest_fisher_output_energy,regret_vs_oracle,0.42866941015089166,0.4739368998628257,-0.04526748971193406,0.0001999600079984003,0.0005089891112686554
leave_one_route_family_out,0.2,rho_only_vs_highest_fisher_output_energy,topk_preservation,0.9303155006858711,0.9639917695473251,-0.03367626886145403,0.001999600079984003,0.0038612967061760063
leave_one_route_family_out,0.3,controls_plus_rho_learned_vs_controls_only_learned,safe_movement_rate,0.1883859167809785,0.1700960219478738,0.018289894833104697,0.03699260147970406,0.05294787687829847
leave_one_route_family_out,0.3,controls_plus_rho_learned_vs_controls_only_learned,movement_per_drift,14.732486826102521,12.72387661264357,2.008610213458951,0.04539092181563687,0.06295706802911863
leave_one_route_family_out,0.3,controls_plus_rho_learned_vs_controls_only_learned,regret_vs_oracle,0.20804755372656605,0.22633744855967078,-0.018289894833104725,0.03139372125574885,0.04641711921642074
leave_one_route_family_out,0.3,controls_plus_rho_learned_vs_controls_only_learned,topk_preservation,0.9134430727023318,0.9055326931870141,0.0079103795153177,0.07498500299940011,0.09765488762712572
leave_one_route_family_out,0.3,gradient_plus_rho_learned_vs_gradient_only_learned,safe_movement_rate,0.16918152720621857,0.14723365340649291,0.021947873799725653,0.0001999600079984003,0.0005089891112686554
leave_one_route_family_out,0.3,gradient_plus_rho_learned_vs_gradient_only_learned,movement_per_drift,15.252261627095995,11.58509009675713,3.667171530338866,0.0001999600079984003,0.0005089891112686554
leave_one_route_family_out,0.3,gradient_plus_rho_learned_vs_gradient_only_learned,regret_vs_oracle,0.22725194330132603,0.24919981710105166,-0.021947873799725626,0.0001999600079984003,0.0005089891112686554
leave_one_route_family_out,0.3,gradient_plus_rho_learned_vs_gradient_only_learned,topk_preservation,0.9370827617741199,0.9292181069958848,0.007864654778235058,0.0001999600079984003,0.0005089891112686554
leave_one_route_family_out,0.3,rho_only_vs_within_example_shuffled_rho,safe_movement_rate,0.16826703246456332,0.12482853223593963,0.04343850022862368,0.0001999600079984003,0.0005089891112686554
leave_one_route_family_out,0.3,rho_only_vs_within_example_shuffled_rho,movement_per_drift,15.116133316432046,16.27636990113369,-1.1602365847016447,0.0001999600079984003,0.0005089891112686554
leave_one_route_family_out,0.3,rho_only_vs_within_example_shuffled_rho,regret_vs_oracle,0.22816643804298123,0.271604938271605,-0.04343850022862375,0.0001999600079984003,0.0005089891112686554
leave_one_route_family_out,0.3,rho_only_vs_within_example_shuffled_rho,topk_preservation,0.9425697302240512,0.9445816186556928,-0.002011888431641573,0.8290341931613677,0.8491890662963297
leave_one_route_family_out,0.3,rho_only_vs_shuffled_rho,safe_movement_rate,0.16826703246456332,0.12345679012345678,0.04481024234110653,0.0001999600079984003,0.0005089891112686554
leave_one_route_family_out,0.3,rho_only_vs_shuffled_rho,movement_per_drift,15.116133316432046,21.37780733639367,-6.261674019961623,0.003999200159968006,0.007166566686662668
leave_one_route_family_out,0.3,rho_only_vs_shuffled_rho,regret_vs_oracle,0.22816643804298123,0.2729766803840878,-0.04481024234110656,0.0001999600079984003,0.0005089891112686554
leave_one_route_family_out,0.3,rho_only_vs_shuffled_rho,topk_preservation,0.9425697302240512,0.9541838134430728,-0.011614083219021576,0.47070585882823435,0.5020862494167833
leave_one_route_family_out,0.3,rho_only_vs_random,safe_movement_rate,0.16826703246456332,0.1207133058984911,0.04755372656607222,0.0001999600079984003,0.0005089891112686554
leave_one_route_family_out,0.3,rho_only_vs_random,movement_per_drift,15.116133316432046,19.050484964881935,-3.934351648449889,0.0003999200159968006,0.0009003224480731995
leave_one_route_family_out,0.3,rho_only_vs_random,regret_vs_oracle,0.22816643804298123,0.2757201646090535,-0.04755372656607229,0.0001999600079984003,0.0005089891112686554
leave_one_route_family_out,0.3,rho_only_vs_random,topk_preservation,0.9425697302240512,0.9547782350251487,-0.012208504801097475,0.2525494901019796,0.2828554289142171
leave_one_route_family_out,0.3,rho_only_vs_highest_entropy,safe_movement_rate,0.16826703246456332,0.0695016003657979,0.09876543209876541,0.0001999600079984003,0.0005089891112686554
leave_one_route_family_out,0.3,rho_only_vs_highest_entropy,movement_per_drift,15.116133316432046,18.789359179015708,-3.673225862583662,0.0001999600079984003,0.0005089891112686554
leave_one_route_family_out,0.3,rho_only_vs_highest_entropy,regret_vs_oracle,0.22816643804298123,0.3269318701417467,-0.09876543209876545,0.0001999600079984003,0.0005089891112686554
leave_one_route_family_out,0.3,rho_only_vs_highest_entropy,topk_preservation,0.9425697302240512,0.9723365340649291,-0.02976680384087793,0.0001999600079984003,0.0005089891112686554
leave_one_route_family_out,0.3,rho_only_vs_highest_fisher_output_energy,safe_movement_rate,0.16826703246456332,0.12574302697759487,0.04252400548696844,0.001999600079984003,0.0038612967061760063
leave_one_route_family_out,0.3,rho_only_vs_highest_fisher_output_energy,movement_per_drift,15.116133316432046,13.260354291002022,1.8557790254300244,0.036192761447710456,0.05213619655490124
leave_one_route_family_out,0.3,rho_only_vs_highest_fisher_output_energy,regret_vs_oracle,0.22816643804298123,0.2706904435299497,-0.04252400548696847,0.001799640071985603,0.0035517125649759916
leave_one_route_family_out,0.3,rho_only_vs_highest_fisher_output_energy,topk_preservation,0.9425697302240512,0.9578875171467764,-0.01531778692272523,0.5630873825234953,0.5921670126068683
leave_one_task_out,0.05,controls_plus_rho_learned_vs_controls_only_learned,safe_movement_rate,0.16519120746763022,0.1701294790725685,-0.004938271604938288,0.08818236352729454,0.11122269928036865
leave_one_task_out,0.05,controls_plus_rho_learned_vs_controls_only_learned,movement_per_drift,18.825103284291146,17.7395437019914,1.0855595822997444,0.011597680463907219,0.018893675810292488
leave_one_task_out,0.05,controls_plus_rho_learned_vs_controls_only_learned,regret_vs_oracle,0.8348087925323698,0.8298705209274315,0.004938271604938316,0.09718056388722256,0.12093581283743252
leave_one_task_out,0.05,controls_plus_rho_learned_vs_controls_only_learned,topk_preservation,0.8745919903643481,0.871472448057814,0.0031195423065341066,0.011597680463907219,0.018893675810292488
leave_one_task_out,0.05,gradient_plus_rho_learned_vs_gradient_only_learned,safe_movement_rate,0.1627220716651611,0.12568503462812405,0.037037037037037035,0.0007998400319936012,0.0017227323766016028
leave_one_task_out,0.05,gradient_plus_rho_learned_vs_gradient_only_learned,movement_per_drift,17.91995336923334,14.173054110107984,3.7468992591253567,0.0003999200159968006,0.0009003224480731995
leave_one_task_out,0.05,gradient_plus_rho_learned_vs_gradient_only_learned,regret_vs_oracle,0.8372779283348389,0.874314965371876,-0.03703703703703709,0.0001999600079984003,0.0005089891112686554
leave_one_task_out,0.05,gradient_plus_rho_learned_vs_gradient_only_learned,topk_preservation,0.8529840409515206,0.8290635350797952,0.02392050587172534,0.0009998000399920016,0.002102865811814163
leave_one_task_out,0.05,rho_only_vs_within_example_shuffled_rho,safe_movement_rate,0.1478470340258958,0.13785004516711835,0.00999698885877745,0.20455908818236354,0.23529616327373915
leave_one_task_out,0.05,rho_only_vs_within_example_shuffled_rho,movement_per_drift,17.344997523484032,17.935426482608626,-0.5904289591245941,0.14397120575884823,0.17063254015863494
leave_one_task_out,0.05,rho_only_vs_within_example_shuffled_rho,regret_vs_oracle,0.8521529659741042,0.8621499548328817,-0.009996988858777534,0.20515896820635873,0.23529616327373915
leave_one_task_out,0.05,rho_only_vs_within_example_shuffled_rho,topk_preservation,0.90774465522433,0.9315085817524842,-0.023763926528154178,0.5110977804439112,0.5400278434879061
leave_one_task_out,0.05,rho_only_vs_shuffled_rho,safe_movement_rate,0.1478470340258958,0.09111713339355616,0.05672990063233964,0.9638072385522896,0.9681292441063356
leave_one_task_out,0.05,rho_only_vs_shuffled_rho,movement_per_drift,17.344997523484032,24.737676106934675,-7.3926785834506425,0.0001999600079984003,0.0005089891112686554
leave_one_task_out,0.05,rho_only_vs_shuffled_rho,regret_vs_oracle,0.8521529659741042,0.9088828666064439,-0.056729900632339736,0.9636072785442912,0.9681292441063356
leave_one_task_out,0.05,rho_only_vs_shuffled_rho,topk_preservation,0.90774465522433,0.9556458897922312,-0.047901234567901185,0.0001999600079984003,0.0005089891112686554
leave_one_task_out,0.05,rho_only_vs_random,safe_movement_rate,0.1478470340258958,0.09105691056910568,0.05679012345679012,0.9058188362327535,0.9139793662889044
leave_one_task_out,0.05,rho_only_vs_random,movement_per_drift,17.344997523484032,22.50986609080345,-5.164868567319417,0.0001999600079984003,0.0005089891112686554
leave_one_task_out,0.05,rho_only_vs_random,regret_vs_oracle,0.8521529659741042,0.9089430894308943,-0.05679012345679013,0.9010197960407919,0.9111893196981371
leave_one_task_out,0.05,rho_only_vs_random,topk_preservation,0.90774465522433,0.9433303221921108,-0.03558566696778076,0.0001999600079984003,0.0005089891112686554
leave_one_task_out,0.05,rho_only_vs_highest_entropy,safe_movement_rate,0.1478470340258958,0.02222222222222222,0.12562481180367358,0.0001999600079984003,0.0005089891112686554
leave_one_task_out,0.05,rho_only_vs_highest_entropy,movement_per_drift,17.344997523484032,12.380272141767316,4.9647253817167165,0.0001999600079984003,0.0005089891112686554
leave_one_task_out,0.05,rho_only_vs_highest_entropy,regret_vs_oracle,0.8521529659741042,0.9777777777777776,-0.12562481180367346,0.0001999600079984003,0.0005089891112686554
leave_one_task_out,0.05,rho_only_vs_highest_entropy,topk_preservation,0.90774465522433,0.9530864197530864,-0.04534176452875638,0.0001999600079984003,0.0005089891112686554
leave_one_task_out,0.05,rho_only_vs_highest_fisher_output_energy,safe_movement_rate,0.1478470340258958,0.15001505570611262,-0.0021680216802168195,0.04819036192761448,0.0664285604417578
leave_one_task_out,0.05,rho_only_vs_highest_fisher_output_energy,movement_per_drift,17.344997523484032,29.669545251399768,-12.324547727915736,0.08718256348730254,0.11033273571274445
leave_one_task_out,0.05,rho_only_vs_highest_fisher_output_energy,regret_vs_oracle,0.8521529659741042,0.8499849442938874,0.0021680216802167918,0.051989602079584085,0.07015464377004117
leave_one_task_out,0.05,rho_only_vs_highest_fisher_output_energy,topk_preservation,0.90774465522433,0.9839506172839506,-0.0762059620596206,0.038792241551689664,0.05499659561758535
leave_one_task_out,0.1,controls_plus_rho_learned_vs_controls_only_learned,safe_movement_rate,0.1728395061728395,0.1580246913580247,0.014814814814814808,0.03139372125574885,0.04641711921642074
leave_one_task_out,0.1,controls_plus_rho_learned_vs_controls_only_learned,movement_per_drift,18.275055029489913,18.55561566675526,-0.28056063726534575,0.2391521695660868,0.2698744885783549
leave_one_task_out,0.1,controls_plus_rho_learned_vs_controls_only_learned,regret_vs_oracle,0.8209876543209876,0.8358024691358026,-0.014814814814814947,0.03139372125574885,0.04641711921642074
leave_one_task_out,0.1,controls_plus_rho_learned_vs_controls_only_learned,topk_preservation,0.8860493827160493,0.8851851851851851,0.0008641975308641969,0.1835632873425315,0.21360091618040028
leave_one_task_out,0.1,gradient_plus_rho_learned_vs_gradient_only_learned,safe_movement_rate,0.15432098765432098,0.1345679012345679,0.01975308641975307,0.0003999200159968006,0.0009003224480731995
leave_one_task_out,0.1,gradient_plus_rho_learned_vs_gradient_only_learned,movement_per_drift,18.248651606286618,15.948900063066565,2.2997515432200526,0.0001999600079984003,0.0005089891112686554
leave_one_task_out,0.1,gradient_plus_rho_learned_vs_gradient_only_learned,regret_vs_oracle,0.8395061728395061,0.8592592592592594,-0.019753086419753263,0.0001999600079984003,0.0005089891112686554
leave_one_task_out,0.1,gradient_plus_rho_learned_vs_gradient_only_learned,topk_preservation,0.8912345679012346,0.8948148148148147,-0.003580246913580165,0.0003999200159968006,0.0009003224480731995
leave_one_task_out,0.1,rho_only_vs_within_example_shuffled_rho,safe_movement_rate,0.16172839506172837,0.12839506172839504,0.033333333333333326,0.003199360127974405,0.005922782385671626
leave_one_task_out,0.1,rho_only_vs_within_example_shuffled_rho,movement_per_drift,18.283872664995773,17.979628925203862,0.3042437397919109,0.020195960807838434,0.031199277385902134
leave_one_task_out,0.1,rho_only_vs_within_example_shuffled_rho,regret_vs_oracle,0.8320987654320987,0.8654320987654321,-0.03333333333333344,0.004399120175964807,0.007820658090604102
leave_one_task_out,0.1,rho_only_vs_within_example_shuffled_rho,topk_preservation,0.9275308641975307,0.9369135802469136,-0.0093827160493829,0.07978404319136173,0.10241619297916922
leave_one_task_out,0.1,rho_only_vs_shuffled_rho,safe_movement_rate,0.16172839506172837,0.10987654320987654,0.05185185185185183,0.3049390121975605,0.33483499378555664
leave_one_task_out,0.1,rho_only_vs_shuffled_rho,movement_per_drift,18.283872664995773,24.921358488248774,-6.637485823253002,0.014797040591881624,0.023507355266535346
leave_one_task_out,0.1,rho_only_vs_shuffled_rho,regret_vs_oracle,0.8320987654320987,0.8839506172839506,-0.05185185185185193,0.3077384523095381,0.33708270570824717
leave_one_task_out,0.1,rho_only_vs_shuffled_rho,topk_preservation,0.9275308641975307,0.9580246913580247,-0.03049382716049398,0.0001999600079984003,0.0005089891112686554
leave_one_task_out,0.1,rho_only_vs_random,safe_movement_rate,0.16172839506172837,0.10123456790123457,0.0604938271604938,0.08918216356728655,0.11191487192757527
leave_one_task_out,0.1,rho_only_vs_random,movement_per_drift,18.283872664995773,22.01477406141515,-3.7309013964193767,0.0631873625274945,0.08350424310418153
leave_one_task_out,0.1,rho_only_vs_random,regret_vs_oracle,0.8320987654320987,0.8925925925925926,-0.060493827160493896,0.08558288342331534,0.1086151041746325
leave_one_task_out,0.1,rho_only_vs_random,topk_preservation,0.9275308641975307,0.9533333333333334,-0.02580246913580264,0.0001999600079984003,0.0005089891112686554
leave_one_task_out,0.1,rho_only_vs_highest_entropy,safe_movement_rate,0.16172839506172837,0.03209876543209876,0.1296296296296296,0.0001999600079984003,0.0005089891112686554
leave_one_task_out,0.1,rho_only_vs_highest_entropy,movement_per_drift,18.283872664995773,13.95328790546959,4.330584759526182,0.0001999600079984003,0.0005089891112686554
leave_one_task_out,0.1,rho_only_vs_highest_entropy,regret_vs_oracle,0.8320987654320987,0.9617283950617284,-0.12962962962962965,0.0001999600079984003,0.0005089891112686554
leave_one_task_out,0.1,rho_only_vs_highest_entropy,topk_preservation,0.9275308641975307,0.9580246913580247,-0.03049382716049398,0.0001999600079984003,0.0005089891112686554
leave_one_task_out,0.1,rho_only_vs_highest_fisher_output_energy,safe_movement_rate,0.16172839506172837,0.13580246913580246,0.025925925925925908,0.0003999200159968006,0.0009003224480731995
leave_one_task_out,0.1,rho_only_vs_highest_fisher_output_energy,movement_per_drift,18.283872664995773,27.122257119631126,-8.838384454635353,0.0001999600079984003,0.0005089891112686554
leave_one_task_out,0.1,rho_only_vs_highest_fisher_output_energy,regret_vs_oracle,0.8320987654320987,0.8580246913580247,-0.02592592592592602,0.0001999600079984003,0.0005089891112686554
leave_one_task_out,0.1,rho_only_vs_highest_fisher_output_energy,topk_preservation,0.9275308641975307,0.9666666666666666,-0.03913580246913584,0.0001999600079984003,0.0005089891112686554
leave_one_task_out,0.2,controls_plus_rho_learned_vs_controls_only_learned,safe_movement_rate,0.18641975308641975,0.1685185185185185,0.017901234567901242,0.0001999600079984003,0.0005089891112686554
leave_one_task_out,0.2,controls_plus_rho_learned_vs_controls_only_learned,movement_per_drift,19.699702023755677,18.995399863179124,0.7043021605765531,0.0001999600079984003,0.0005089891112686554
leave_one_task_out,0.2,controls_plus_rho_learned_vs_controls_only_learned,regret_vs_oracle,0.4049382716049383,0.42283950617283955,-0.01790123456790127,0.0001999600079984003,0.0005089891112686554
leave_one_task_out,0.2,controls_plus_rho_learned_vs_controls_only_learned,topk_preservation,0.9032716049382715,0.8994444444444444,0.003827160493827142,0.0009998000399920016,0.002102865811814163
leave_one_task_out,0.2,gradient_plus_rho_learned_vs_gradient_only_learned,safe_movement_rate,0.1685185185185185,0.14876543209876542,0.019753086419753096,0.0001999600079984003,0.0005089891112686554
leave_one_task_out,0.2,gradient_plus_rho_learned_vs_gradient_only_learned,movement_per_drift,19.23929365582425,16.99301840315616,2.2462752526680916,0.0001999600079984003,0.0005089891112686554
leave_one_task_out,0.2,gradient_plus_rho_learned_vs_gradient_only_learned,regret_vs_oracle,0.42283950617283955,0.44259259259259265,-0.019753086419753096,0.0001999600079984003,0.0005089891112686554
leave_one_task_out,0.2,gradient_plus_rho_learned_vs_gradient_only_learned,topk_preservation,0.924320987654321,0.9219135802469136,0.0024074074074074137,0.0001999600079984003,0.0005089891112686554
leave_one_task_out,0.2,rho_only_vs_within_example_shuffled_rho,safe_movement_rate,0.16049382716049382,0.12407407407407407,0.036419753086419746,0.0001999600079984003,0.0005089891112686554
leave_one_task_out,0.2,rho_only_vs_within_example_shuffled_rho,movement_per_drift,19.508375999679718,18.614018367847756,0.8943576318319622,0.0001999600079984003,0.0005089891112686554
leave_one_task_out,0.2,rho_only_vs_within_example_shuffled_rho,regret_vs_oracle,0.43086419753086425,0.46728395061728395,-0.036419753086419704,0.0001999600079984003,0.0005089891112686554
leave_one_task_out,0.2,rho_only_vs_within_example_shuffled_rho,topk_preservation,0.9353086419753087,0.944074074074074,-0.008765432098765236,0.23435312937412517,0.2657979796445774
leave_one_task_out,0.2,rho_only_vs_shuffled_rho,safe_movement_rate,0.16049382716049382,0.12222222222222223,0.038271604938271586,0.001999600079984003,0.0038612967061760063
leave_one_task_out,0.2,rho_only_vs_shuffled_rho,movement_per_drift,19.508375999679718,23.849881582262913,-4.341505582583196,0.20535892821435714,0.23529616327373915
leave_one_task_out,0.2,rho_only_vs_shuffled_rho,regret_vs_oracle,0.43086419753086425,0.46913580246913583,-0.038271604938271586,0.002599480103979204,0.004872665634237169
leave_one_task_out,0.2,rho_only_vs_shuffled_rho,topk_preservation,0.9353086419753087,0.9565432098765431,-0.021234567901234347,0.06418716256748651,0.08457602597127634
leave_one_task_out,0.2,rho_only_vs_random,safe_movement_rate,0.16049382716049382,0.1154320987654321,0.045061728395061715,0.0005998800239952009,0.001317383582107108
leave_one_task_out,0.2,rho_only_vs_random,movement_per_drift,19.508375999679718,21.085908886012074,-1.5775328863323566,0.03839232153569286,0.054602412850763185
leave_one_task_out,0.2,rho_only_vs_random,regret_vs_oracle,0.43086419753086425,0.475925925925926,-0.04506172839506173,0.001799640071985603,0.0035517125649759916
leave_one_task_out,0.2,rho_only_vs_random,topk_preservation,0.9353086419753087,0.9567283950617285,-0.021419753086419746,0.07018596280743851,0.09220912415757318
leave_one_task_out,0.2,rho_only_vs_highest_entropy,safe_movement_rate,0.16049382716049382,0.059259259259259255,0.10123456790123456,0.0001999600079984003,0.0005089891112686554
leave_one_task_out,0.2,rho_only_vs_highest_entropy,movement_per_drift,19.508375999679718,17.929516293514997,1.578859706164721,0.0001999600079984003,0.0005089891112686554
leave_one_task_out,0.2,rho_only_vs_highest_entropy,regret_vs_oracle,0.43086419753086425,0.5320987654320988,-0.10123456790123453,0.0001999600079984003,0.0005089891112686554
leave_one_task_out,0.2,rho_only_vs_highest_entropy,topk_preservation,0.9353086419753087,0.9663580246913581,-0.0310493827160494,0.0001999600079984003,0.0005089891112686554
leave_one_task_out,0.2,rho_only_vs_highest_fisher_output_energy,safe_movement_rate,0.16049382716049382,0.12777777777777777,0.03271604938271605,0.0001999600079984003,0.0005089891112686554
leave_one_task_out,0.2,rho_only_vs_highest_fisher_output_energy,movement_per_drift,19.508375999679718,26.089445950454042,-6.581069950774324,0.0001999600079984003,0.0005089891112686554
leave_one_task_out,0.2,rho_only_vs_highest_fisher_output_energy,regret_vs_oracle,0.43086419753086425,0.46358024691358024,-0.032716049382715995,0.0001999600079984003,0.0005089891112686554
leave_one_task_out,0.2,rho_only_vs_highest_fisher_output_energy,topk_preservation,0.9353086419753087,0.9663580246913581,-0.0310493827160494,0.0003999200159968006,0.0009003224480731995
leave_one_task_out,0.3,controls_plus_rho_learned_vs_controls_only_learned,safe_movement_rate,0.18847736625514402,0.17366255144032922,0.014814814814814808,0.004999000199960008,0.008851984543802701
leave_one_task_out,0.3,controls_plus_rho_learned_vs_controls_only_learned,movement_per_drift,21.127228937181815,19.697978957921983,1.4292499792598328,0.0003999200159968006,0.0009003224480731995
leave_one_task_out,0.3,controls_plus_rho_learned_vs_controls_only_learned,regret_vs_oracle,0.205761316872428,0.22057613168724277,-0.01481481481481478,0.002599480103979204,0.004872665634237169
leave_one_task_out,0.3,controls_plus_rho_learned_vs_controls_only_learned,topk_preservation,0.9164609053497943,0.9096296296296297,0.00683127572016462,0.05118976204759048,0.0697052078945913
leave_one_task_out,0.3,gradient_plus_rho_learned_vs_gradient_only_learned,safe_movement_rate,0.16131687242798354,0.139917695473251,0.021399176954732535,0.0001999600079984003,0.0005089891112686554
leave_one_task_out,0.3,gradient_plus_rho_learned_vs_gradient_only_learned,movement_per_drift,19.535238976086656,17.158300846894683,2.3769381291919736,0.0001999600079984003,0.0005089891112686554
leave_one_task_out,0.3,gradient_plus_rho_learned_vs_gradient_only_learned,regret_vs_oracle,0.23292181069958845,0.254320987654321,-0.021399176954732535,0.0001999600079984003,0.0005089891112686554
leave_one_task_out,0.3,gradient_plus_rho_learned_vs_gradient_only_learned,topk_preservation,0.9361728395061728,0.92559670781893,0.010576131687242807,0.0001999600079984003,0.0005089891112686554
leave_one_task_out,0.3,rho_only_vs_within_example_shuffled_rho,safe_movement_rate,0.1633744855967078,0.12633744855967077,0.037037037037037035,0.0001999600079984003,0.0005089891112686554
leave_one_task_out,0.3,rho_only_vs_within_example_shuffled_rho,movement_per_drift,20.043239088378854,19.012618269405714,1.0306208189731407,0.0001999600079984003,0.0005089891112686554
leave_one_task_out,0.3,rho_only_vs_within_example_shuffled_rho,regret_vs_oracle,0.2308641975308642,0.2679012345679012,-0.03703703703703701,0.0001999600079984003,0.0005089891112686554
leave_one_task_out,0.3,rho_only_vs_within_example_shuffled_rho,topk_preservation,0.9423456790123457,0.9458024691358025,-0.0034567901234567877,0.8908218356328734,0.9049618647699031
leave_one_task_out,0.3,rho_only_vs_shuffled_rho,safe_movement_rate,0.1633744855967078,0.12469135802469136,0.038683127572016446,0.0003999200159968006,0.0009003224480731995
leave_one_task_out,0.3,rho_only_vs_shuffled_rho,movement_per_drift,20.043239088378854,21.915405681258626,-1.872166592879772,0.0615876824635073,0.08211690995134306
leave_one_task_out,0.3,rho_only_vs_shuffled_rho,regret_vs_oracle,0.2308641975308642,0.26954732510288065,-0.038683127572016446,0.0001999600079984003,0.0005089891112686554
leave_one_task_out,0.3,rho_only_vs_shuffled_rho,topk_preservation,0.9423456790123457,0.9560905349794238,-0.013744855967078085,0.254749050189962,0.284607417668586
leave_one_task_out,0.3,rho_only_vs_random,safe_movement_rate,0.1633744855967078,0.11934156378600824,0.044032921810699566,0.0001999600079984003,0.0005089891112686554
leave_one_task_out,0.3,rho_only_vs_random,movement_per_drift,20.043239088378854,21.16162588119374,-1.118386792814885,0.041991601679664065,0.059157979724809746
leave_one_task_out,0.3,rho_only_vs_random,regret_vs_oracle,0.2308641975308642,0.2748971193415638,-0.04403292181069959,0.0001999600079984003,0.0005089891112686554
leave_one_task_out,0.3,rho_only_vs_random,topk_preservation,0.9423456790123457,0.9564197530864197,-0.014074074074074017,0.17976404719056188,0.21027230585214549
leave_one_task_out,0.3,rho_only_vs_highest_entropy,safe_movement_rate,0.1633744855967078,0.0757201646090535,0.08765432098765431,0.0001999600079984003,0.0005089891112686554
leave_one_task_out,0.3,rho_only_vs_highest_entropy,movement_per_drift,20.043239088378854,19.45383467480171,0.5894044135771459,0.0001999600079984003,0.0005089891112686554
leave_one_task_out,0.3,rho_only_vs_highest_entropy,regret_vs_oracle,0.2308641975308642,0.31851851851851853,-0.08765432098765433,0.0001999600079984003,0.0005089891112686554
leave_one_task_out,0.3,rho_only_vs_highest_entropy,topk_preservation,0.9423456790123457,0.9728395061728395,-0.03049382716049387,0.0001999600079984003,0.0005089891112686554
leave_one_task_out,0.3,rho_only_vs_highest_fisher_output_energy,safe_movement_rate,0.1633744855967078,0.13127572016460906,0.03209876543209875,0.01879624075184963,0.029238596725099424
leave_one_task_out,0.3,rho_only_vs_highest_fisher_output_energy,movement_per_drift,20.043239088378854,21.85383774476541,-1.8105986563865564,0.4385122975404919,0.47111153308906567
leave_one_task_out,0.3,rho_only_vs_highest_fisher_output_energy,regret_vs_oracle,0.2308641975308642,0.26296296296296295,-0.03209876543209875,0.020195960807838434,0.031199277385902134
leave_one_task_out,0.3,rho_only_vs_highest_fisher_output_energy,topk_preservation,0.9423456790123457,0.9621399176954732,-0.019794238683127574,0.1297740451909618,0.15841627314864
